item,category,description
Python Programming,Programming,learn python programming coding algorithms functions object oriented programming
Machine Learning,Artificial Intelligence,machine learning algorithms predictive models data training classification regression
Artificial Intelligence,Artificial Intelligence,artificial intelligence neural networks deep learning computer vision intelligent systems
Data Science,Data Science,data science statistics data analysis visualization pandas machine learning
Web Development,Web Development,HTML CSS JavaScript frontend backend websites web applications
Cybersecurity,Cybersecurity,network security ethical hacking cybersecurity threats cryptography authentication
Computer Vision,Artificial Intelligence,computer vision image processing object detection image classification deep learning
Natural Language Processing,Artificial Intelligence,natural language processing text analysis language models sentiment analysis chatbots
Database Management,Database,SQL databases data management queries relational database systems
Cloud Computing,Cloud,cloud computing virtual machines storage deployment scalable applications
